[
  {
    "name": "Soundboard",
    "src": "https://cdn.jsdelivr.net/gh/gn-math/html@main/179.html",
    "image": "https://encrypted-tbn0.gstatic.com/images?q=tbn:ANd9GcStFthZsdJxRJDlcU0U_uQkp9-TE8D55yEjnw&s",
    "description": "Game Active"
  },
  {
    "name": "DONT YOU LECTURE ME",
    "src": "https://cdn.jsdelivr.net/gh/gn-math/html@main/352.html",
    "image": "https://cdn.mos.cms.futurecdn.net/DghVkk4ufd8WfK9qTVqUam.jpg",
    "description": "Game Active"
  },
  {
    "name": "Music",
    "src": "https://raw.githubusercontent.com/ten8mystery/Diamond-Backend/main/music.html",
    "image": "https://i.ytimg.com/vi/mrm50KbvGnk/maxresdefault.jpg",
    "description": "Game Active"
  },
  {
    "name": "Movies",
    "src": "https://raw.githubusercontent.com/ten8mystery/Vertex-Gold-Assets/refs/heads/main/movies.html",
    "image": "https://us-west-2.graphassets.com/Am5rKdLUrSZS2vQnL0H52z/hS5sY58RSW64KSXS87EA",
    "description": "Game Active"
  },
  {
    "name": "Website Cloner",
    "src": "https://raw.githubusercontent.com/ten8mystery/Vertex-Gold-Assets/refs/heads/main/vertexcloner.html",
    "image": "https://raw.githubusercontent.com/ten8mystery/Vertex-Gold/refs/heads/main/images/vertexcloner.png",
    "description": "Game Active"
  }
]