[
  {
    "name": "[!] REQUEST GAME",
    "src": "https://raw.githubusercontent.com/ten8mystery/Vertex-Gold-Assets/refs/heads/main/request.html",
    "image": "https://workforceedtech.org/wp-content/uploads/2019/03/google-forms-logo.jpg",
    "description": "Game Active"
  },
  {
    "name": "Minecraft 1.12",
    "src": "https://cdn.jsdelivr.net/gh/gn-math/html@main/182.html",
    "image": "https://www.pluggedin.com/wp-content/uploads/2020/01/minecraft-review-image.jpg",
    "description": "Game Active"
  },
  {
    "name": "Hollow Knight",
    "src": "https://raw.githubusercontent.com/lolgodi/Hollow-Knight/main/index.html",
    "image": "https://images.squarespace-cdn.com/content/v1/606d4deb4db8c15ea53b3624/1618824875786-3V9HT8BLB1L5PEEJC6ZQ/124.jpg",
    "description": "Game Active"
  },
  {
    "name": "Deltarune",
    "src": "https://raw.githubusercontent.com/jr41875-arch/Deltarune-Web-port/refs/heads/main/deltarune.html",
    "image": "https://www.vice.com/wp-content/uploads/sites/2/2025/06/Deltarune-Featured-Image.jpg",
    "description": "Game Active"
  },
  {
    "name": "Undertale",
    "src": "https://raw.githubusercontent.com/jimmyqrg/undertale/refs/heads/main/index.html",
    "image": "https://media.gamestop.com/i/gamestop/10169207_SCR05/Undertale?w=1256&h=664&fmt=auto",
    "description": "Game Active"
  },
  {
    "name": "Baldi's Basics",
    "src": "https://cdn.jsdelivr.net/gh/gn-math/html@main/65.html",
    "image": "https://cdn.jsdelivr.net/gh/gn-math/covers@main/65.png",
    "description": "Game Active"
  },
  {
    "name": "Baldi's Basics Classic Remastered",
    "src": "https://cdn.jsdelivr.net/gh/gn-math/html@main/466.html",
    "image": "https://cdn.jsdelivr.net/gh/gn-math/covers@main/466.png",
    "description": "Game Active"
  },
  {
    "name": "Bendy and the Ink Machine",
    "src": "https://cdn.jsdelivr.net/gh/gn-math/html@main/215.html",
    "image": "https://cdn.jsdelivr.net/gh/gn-math/covers@main/215.png",
    "description": "Game Active"
  },
  {
    "name": "Cuphead",
    "src": "https://cdn.jsdelivr.net/gh/gn-math/html@main/465.html",
    "image": "https://cdn.jsdelivr.net/gh/gn-math/covers@main/465.png",
    "description": "Game Active"
  },
  {
    "name": "ULTRAKILL",
    "src": "https://raw.githubusercontent.com/ten8mystery/Diamond-Backend/refs/heads/main/ULTRAKILL.html",
    "image": "https://cdn.mos.cms.futurecdn.net/4kV5smsTPsVCCwhNcpnsuf-1920-80.jpg",
    "description": "Game Active"
  },
  {
    "name": "Getting Over It with Bennett Foddy",
    "src": "https://raw.githubusercontent.com/ten8mystery/Diamond-Backend/refs/heads/main/Getting%20Over%20It%20with%20Bennett%20Foddy.html",
    "image": "https://shared.fastly.steamstatic.com/store_item_assets/steam/apps/240720/ss_413828bfd197dae1e356f6b43c4c38a9d3466591.1920x1080.jpg?t=1666987027",
    "description": "Game Active"
  },
  {
    "name": "Buckshot Roulette",
    "src": "https://raw.githubusercontent.com/ten8mystery/Vertex-Gold/main/data/local/zones/buckshotroulette.html",
    "image": "https://cdn.jsdelivr.net/gh/gn-math/covers@main/205.png",
    "description": "Game Active"
  },
  {
    "name": "Celeste",
    "src": "https://raw.githubusercontent.com/ten8mystery/Diamond-Backend/refs/heads/main/Celeste.html",
    "image": "https://cdn.jsdelivr.net/gh/gn-math/covers@main/623.png",
    "description": "Game Active"
  },
  {
    "name": "Bad Parenting",
    "src": "https://cdn.jsdelivr.net/gh/gn-math/html@main/166.html",
    "image": "https://cdn.jsdelivr.net/gh/gn-math/covers@main/166.png",
    "description": "Game Active"
  },
  {
    "name": "A Dance of Fire & Ice",
    "src": "https://cdn.jsdelivr.net/gh/gn-math/html@main/59.html",
    "image": "https://cdn.jsdelivr.net/gh/gn-math/covers@main/59.png",
    "description": "Game Active"
  },
  {
    "name": "That's Not My Neighbor",
    "src": "https://cdn.jsdelivr.net/gh/gn-math/html@main/216.html",
    "image": "https://cdn.jsdelivr.net/gh/gn-math/covers@main/216.png",
    "description": "Game Active"
  },
  {
    "name": "10 Minutes Till Dawn",
    "src": "https://cdn.jsdelivr.net/gh/gn-math/html@main/430.html",
    "image": "https://cdn.jsdelivr.net/gh/gn-math/covers@main/430.png",
    "description": "Game Active"
  },
  {
    "name": "Gladihoppers",
    "src": "https://cdn.jsdelivr.net/gh/gn-math/html@main/4.html",
    "image": "https://cdn.jsdelivr.net/gh/gn-math/covers@main/4.png",
    "description": "Game Active"
  },
  {
    "name": "Geometry Dash Lite",
    "src": "https://cdn.jsdelivr.net/gh/gn-math/html@main/27.html",
    "image": "https://cdn.jsdelivr.net/gh/gn-math/covers@main/27.png",
    "description": "Game Active"
  },
  {
    "name": "Slope",
    "src": "https://cdn.jsdelivr.net/gh/gn-math/html@main/198.html",
    "image": "https://cdn.jsdelivr.net/gh/gn-math/covers@main/198.png",
    "description": "Game Active"
  },
  {
    "name": "Slope 2",
    "src": "https://cdn.jsdelivr.net/gh/gn-math/html@main/368.html",
    "image": "https://cdn.jsdelivr.net/gh/gn-math/covers@main/368.png",
    "description": "Game Active"
  },
  {
    "name": "Bloxorz",
    "src": "https://cdn.jsdelivr.net/gh/gn-math/html@main/169.html",
    "image": "https://cdn.jsdelivr.net/gh/gn-math/covers@main/169.png",
    "description": "Game Active"
  },
  {
    "name": "BLOODMONEY!",
    "src": "https://cdn.jsdelivr.net/gh/gn-math/html@main/454.html",
    "image": "https://cdn.jsdelivr.net/gh/gn-math/covers@main/454.png",
    "description": "Game Active"
  },
  {
    "name": "Class of '09",
    "src": "https://cdn.jsdelivr.net/gh/gn-math/html@main/259.html",
    "image": "https://cdn.jsdelivr.net/gh/gn-math/covers@main/259.png",
    "description": "Game Active"
  },
  {
    "name": "Basket Random",
    "src": "https://cdn.jsdelivr.net/gh/gn-math/html@main/66.html",
    "image": "https://cdn.jsdelivr.net/gh/gn-math/covers@main/66.png",
    "description": "Game Active"
  },
  {
    "name": "Boxing Random",
    "src": "https://cdn.jsdelivr.net/gh/gn-math/html@main/77.html",
    "image": "https://cdn.jsdelivr.net/gh/gn-math/covers@main/77.png",
    "description": "Game Active"
  },
  {
    "name": "A Small World Cup",
    "src": "https://cdn.jsdelivr.net/gh/gn-math/html@main/435.html",
    "image": "https://cdn.jsdelivr.net/gh/gn-math/covers@main/435.png",
    "description": "Game Active"
  },
  {
    "name": "Tag",
    "src": "https://cdn.jsdelivr.net/gh/gn-math/html@main/627.html",
    "image": "https://cdn.jsdelivr.net/gh/gn-math/covers@main/627.png",
    "description": "Game Active"
  },
  {
    "name": "OvO",
    "src": "https://raw.githubusercontent.com/cannotbeblankt/ovo-game/main/index.html",
    "image": "https://cdn.jsdelivr.net/gh/gn-math/covers@main/1.png",
    "description": "Game Active"
  },
  {
    "name": "Five Nights at Freddy's",
    "src": "https://cdn.jsdelivr.net/gh/gn-math/html@main/38.html",
    "image": "https://cdn.jsdelivr.net/gh/gn-math/covers@main/38.png",
    "description": "Game Active"
  },
  {
    "name": "Five Nights at Freddy's 2",
    "src": "https://cdn.jsdelivr.net/gh/gn-math/html@main/39.html",
    "image": "https://cdn.jsdelivr.net/gh/gn-math/covers@main/39.png",
    "description": "Game Active"
  },
  {
    "name": "Five Nights at Freddy's 3",
    "src": "https://cdn.jsdelivr.net/gh/gn-math/html@main/40.html",
    "image": "https://cdn.jsdelivr.net/gh/gn-math/covers@main/40.png",
    "description": "Game Active"
  },
  {
    "name": "Five Nights at Freddy's 4",
    "src": "https://cdn.jsdelivr.net/gh/gn-math/html@main/41.html",
    "image": "https://cdn.jsdelivr.net/gh/gn-math/covers@main/41.png",
    "description": "Game Active"
  },
  {
    "name": "House of Hazards",
    "src": "https://cdn.jsdelivr.net/gh/gn-math/html@main/339.html",
    "image": "https://cdn.jsdelivr.net/gh/gn-math/covers@main/339.png",
    "description": "Game Active"
  },
  {
    "name": "Drive Mad",
    "src": "https://raw.githubusercontent.com/BHARATH93441/DRIVE-MAD/main/index.html",
    "image": "https://cdn.jsdelivr.net/gh/gn-math/covers@main/35.png",
    "description": "Game Active"
  },
  {
    "name": "Gunspin",
    "src": "https://cdn.jsdelivr.net/gh/gn-math/html@main/91.html",
    "image": "https://cdn.jsdelivr.net/gh/gn-math/covers@main/91.png",
    "description": "Game Active"
  },
  {
    "name": "Pokemon Emerald",
    "src": "https://cdn.jsdelivr.net/gh/gn-math/html@main/506.html",
    "image": "https://cdn.jsdelivr.net/gh/gn-math/covers@main/506.png",
    "description": "Game Active"
  },
  {
    "name": "Pokemon Red",
    "src": "https://cdn.jsdelivr.net/gh/gn-math/html@main/505.html",
    "image": "https://cdn.jsdelivr.net/gh/gn-math/covers@main/505.png",
    "description": "Game Active"
  },
  {
    "name": "Retro Bowl",
    "src": "https://cdn.jsdelivr.net/gh/gn-math/html@main/33.html",
    "image": "https://cdn.jsdelivr.net/gh/gn-math/covers@main/33.png",
    "description": "Game Active"
  },
  {
    "name": "Retro Bowl Collage",
    "src": "https://cdn.jsdelivr.net/gh/gn-math/html@main/34.html",
    "image": "https://cdn.jsdelivr.net/gh/gn-math/covers@main/34.png",
    "description": "Game Active"
  },
  {
    "name": "Bad Time Simulator",
    "src": "https://cdn.jsdelivr.net/gh/gn-math/html@main/472.html",
    "image": "https://cdn.jsdelivr.net/gh/gn-math/covers@main/472.png",
    "description": "Game Active"
  },
  {
    "name": "Crazy Cattle 3D",
    "src": "https://cdn.jsdelivr.net/gh/gn-math/html@main/164.html",
    "image": "https://cdn.jsdelivr.net/gh/gn-math/covers@main/164.png",
    "description": "Game Active"
  },
  {
    "name": "Duck Life",
    "src": "https://cdn.jsdelivr.net/gh/gn-math/html@main/234.html",
    "image": "https://cdn.jsdelivr.net/gh/gn-math/covers@main/234.png",
    "description": "Game Active"
  },
  {
    "name": "Duck Life 2",
    "src": "https://cdn.jsdelivr.net/gh/gn-math/html@main/235.html",
    "image": "https://cdn.jsdelivr.net/gh/gn-math/covers@main/235.png",
    "description": "Game Active"
  },
  {
    "name": "Duck Life 3",
    "src": "https://cdn.jsdelivr.net/gh/gn-math/html@main/236.html",
    "image": "https://cdn.jsdelivr.net/gh/gn-math/covers@main/236.png",
    "description": "Game Active"
  },
  {
    "name": "Duck Life 5",
    "src": "https://cdn.jsdelivr.net/gh/gn-math/html@main/238.html",
    "image": "https://cdn.jsdelivr.net/gh/gn-math/covers@main/238.png",
    "description": "Game Active"
  },
  {
    "name": "Clash of Vikings",
    "src": "https://cdn.jsdelivr.net/gh/gn-math/html@main/545.html",
    "image": "https://cdn.jsdelivr.net/gh/gn-math/covers@main/545.png",
    "description": "Game Active"
  },
  {
    "name": "Granny",
    "src": "https://cdn.jsdelivr.net/gh/gn-math/html@main/90.html",
    "image": "https://cdn.jsdelivr.net/gh/gn-math/covers@main/90.png",
    "description": "Game Active"
  },
  {
    "name": "Granny 2",
    "src": "https://cdn.jsdelivr.net/gh/gn-math/html@main/125.html",
    "image": "https://cdn.jsdelivr.net/gh/gn-math/covers@main/125.png",
    "description": "Game Active"
  },
  {
    "name": "Granny 3",
    "src": "https://cdn.jsdelivr.net/gh/gn-math/html@main/126.html",
    "image": "https://cdn.jsdelivr.net/gh/gn-math/covers@main/126.png",
    "description": "Game Active"
  },
  {
    "name": "Cluster Truck",
    "src": "https://cdn.jsdelivr.net/gh/gn-math/html@main/81.html",
    "image": "https://cdn.jsdelivr.net/gh/gn-math/covers@main/81.png",
    "description": "Game Active"
  },
  {
    "name": "Death Run 3D",
    "src": "https://cdn.jsdelivr.net/gh/gn-math/html@main/211.html",
    "image": "https://cdn.jsdelivr.net/gh/gn-math/covers@main/211.png",
    "description": "Game Active"
  },
  {
    "name": "Fireboy and Watergirl 2",
    "src": "https://cdn.jsdelivr.net/gh/gn-math/html@main/88.html",
    "image": "https://cdn.jsdelivr.net/gh/gn-math/covers@main/88.png",
    "description": "Game Active"
  },
  {
    "name": "Rooftop Snipers",
    "src": "https://cdn.jsdelivr.net/gh/gn-math/html@main/283.html",
    "image": "https://cdn.jsdelivr.net/gh/gn-math/covers@main/283.png",
    "description": "Game Active"
  },
  {
    "name": "Rooftop Snipers 2",
    "src": "https://cdn.jsdelivr.net/gh/gn-math/html@main/490.html",
    "image": "https://cdn.jsdelivr.net/gh/gn-math/covers@main/490.png",
    "description": "Game Active"
  },
  {
    "name": "Riddle School",
    "src": "https://cdn.jsdelivr.net/gh/gn-math/html@main/287.html",
    "image": "https://cdn.jsdelivr.net/gh/gn-math/covers@main/287.png",
    "description": "Game Active"
  },
  {
    "name": "Riddle School 2",
    "src": "https://cdn.jsdelivr.net/gh/gn-math/html@main/288.html",
    "image": "https://cdn.jsdelivr.net/gh/gn-math/covers@main/288.png",
    "description": "Game Active"
  },
  {
    "name": "Riddle School 3",
    "src": "https://cdn.jsdelivr.net/gh/gn-math/html@main/289.html",
    "image": "https://cdn.jsdelivr.net/gh/gn-math/covers@main/289.png",
    "description": "Game Active"
  },
  {
    "name": "Run 1",
    "src": "https://cdn.jsdelivr.net/gh/gn-math/html@main/175.html",
    "image": "https://cdn.jsdelivr.net/gh/gn-math/covers@main/175.png",
    "description": "Game Active"
  },
  {
    "name": "Run 2",
    "src": "https://cdn.jsdelivr.net/gh/gn-math/html@main/176.html",
    "image": "https://cdn.jsdelivr.net/gh/gn-math/covers@main/176.png",
    "description": "Game Active"
  },
  {
    "name": "Run 3",
    "src": "https://cdn.jsdelivr.net/gh/gn-math/html@main/177.html",
    "image": "https://cdn.jsdelivr.net/gh/gn-math/covers@main/177.png",
    "description": "Game Active"
  },
  {
    "name": "Snow Rider 3D",
    "src": "https://cdn.jsdelivr.net/gh/gn-math/html@main/119.html",
    "image": "https://cdn.jsdelivr.net/gh/gn-math/covers@main/119.png",
    "description": "Game Active"
  },
  {
    "name": "Friday Night Funkin'",
    "src": "https://raw.githubusercontent.com/ten8mystery/Vertex-Gold-Assets/refs/heads/main/fnf.html",
    "image": "https://cdn.jsdelivr.net/gh/gn-math/covers@main/8.png",
    "description": "Game Active"
  },
  {
    "name": "Crossy Road",
    "src": "https://cdn.jsdelivr.net/gh/gn-math/html@main/24.html",
    "image": "https://cdn.jsdelivr.net/gh/gn-math/covers@main/24.png",
    "description": "Game Active"
  },
  {
    "name": "Sky Riders",
    "src": "https://cdn.jsdelivr.net/gh/gn-math/html@main/576.html",
    "image": "https://cdn.jsdelivr.net/gh/gn-math/covers@main/576.png",
    "description": "Game Active"
  },
  {
    "name": "DOOM",
    "src": "https://raw.githubusercontent.com/ten8mystery/Diamond-Backend/refs/heads/main/DOOM.html",
    "image": "https://cdn.jsdelivr.net/gh/gn-math/covers@main/203.png",
    "description": "Game Active"
  },
  {
    "name": "Steal a Brainrot",
    "src": "https://cdn.jsdelivr.net/gh/gn-math/html@main/479.html",
    "image": "https://cdn.jsdelivr.net/gh/gn-math/covers@main/479.png",
    "description": "Game Active"
  },
  {
    "name": "Tunnel Rush",
    "src": "https://cdn.jsdelivr.net/gh/gn-math/html@main/206.html",
    "image": "https://cdn.jsdelivr.net/gh/gn-math/covers@main/206.png",
    "description": "Game Active"
  },
  {
    "name": "Smash Karts",
    "src": "https://cdn.jsdelivr.net/gh/gn-math/html@main/370.html",
    "image": "https://cdn.jsdelivr.net/gh/gn-math/covers@main/370.png",
    "description": "Game Active"
  },
  {
    "name": "Space Waves",
    "src": "https://cdn.jsdelivr.net/gh/gn-math/html@main/117.html",
    "image": "https://play-lh.googleusercontent.com/Hqc9AHcUuFODMzsaAJ8afcn92yYVnjHkwk22qVBqAk0ED3lJ4RC-VA8RIGuCIiLo8KY=w526-h296-rw",
    "description": "Game Active"
  },
  {
    "name": "Stickman Hook",
    "src": "https://cdn.jsdelivr.net/gh/gn-math/html@main/11.html",
    "image": "https://cdn.jsdelivr.net/gh/gn-math/covers@main/11.png",
    "description": "Game Active"
  },
  {
    "name": "Super Mario Bros",
    "src": "https://cdn.jsdelivr.net/gh/gn-math/html@main/508.html",
    "image": "https://cdn.jsdelivr.net/gh/gn-math/covers@main/508.png",
    "description": "Game Active"
  },
  {
    "name": "Super Mario 64",
    "src": "https://cdn.jsdelivr.net/gh/gn-math/html@main/588.html",
    "image": "https://cdn.jsdelivr.net/gh/gn-math/covers@main/588.png",
    "description": "Game Active"
  },
  {
    "name": "Half Life",
    "src": "https://cdn.jsdelivr.net/gh/gn-math/html@main/262.html",
    "image": "https://cdn.jsdelivr.net/gh/gn-math/covers@main/262.png",
    "description": "Game Active"
  },
  {
    "name": "Escape Road",
    "src": "https://cdn.jsdelivr.net/gh/gn-math/html@main/264.html",
    "image": "https://cdn.jsdelivr.net/gh/gn-math/covers@main/264.png",
    "description": "Game Active"
  },
  {
    "name": "Red Ball",
    "src": "https://cdn.jsdelivr.net/gh/gn-math/html@main/239.html",
    "image": "https://cdn.jsdelivr.net/gh/gn-math/covers@main/239.png",
    "description": "Game Active"
  },
  {
    "name": "Red Ball 2",
    "src": "https://cdn.jsdelivr.net/gh/gn-math/html@main/240.html",
    "image": "https://cdn.jsdelivr.net/gh/gn-math/covers@main/240.png",
    "description": "Game Active"
  },
  {
    "name": "Red Ball 3",
    "src": "https://cdn.jsdelivr.net/gh/gn-math/html@main/241.html",
    "image": "https://cdn.jsdelivr.net/gh/gn-math/covers@main/241.png",
    "description": "Game Active"
  },
  {
    "name": "Red Ball 4",
    "src": "https://cdn.jsdelivr.net/gh/gn-math/html@main/242.html",
    "image": "https://cdn.jsdelivr.net/gh/gn-math/covers@main/242.png",
    "description": "Game Active"
  },
  {
    "name": "BlockPost",
    "src": "https://cdn.jsdelivr.net/gh/gn-math/html@main/273.html",
    "image": "https://cdn.jsdelivr.net/gh/gn-math/covers@main/273.png",
    "description": "Game Active"
  },
  {
    "name": "Basketball Stars",
    "src": "https://cdn.jsdelivr.net/gh/gn-math/html@main/272.html",
    "image": "https://cdn.jsdelivr.net/gh/gn-math/covers@main/272.png",
    "description": "Game Active"
  },
  {
    "name": "Monster Tracks",
    "src": "https://cdn.jsdelivr.net/gh/gn-math/html@main/36.html",
    "image": "https://cdn.jsdelivr.net/gh/gn-math/covers@main/36.png",
    "description": "Game Active"
  },
  {
    "name": "GTA: Vice City",
    "src": "https://raw.githubusercontent.com/ten8mystery/Vertex-Gold-Assets/main/vicecity.html",
    "image": "https://play-lh.googleusercontent.com/soywaPw0kB7fiDHokNdGlxbOijFwLe8XahjnZhJAejpCTcPMdogHEu10hcAF6dBW9LI=w526-h296-rw",
    "description": "Game Active"
  },
  {
    "name": "Eggy Car",
    "src": "https://raw.githubusercontent.com/lukasdad825/eggycarforethan/main/index.html",
    "image": "https://i.ytimg.com/vi/1kT7ryZVcqY/maxresdefault.jpg?sqp=-oaymwEmCIAKENAF8quKqQMa8AEB-AH-CYAC0AWKAgwIABABGCwgZyhyMA8=&rs=AOn4CLDZWNpsVv2iLoRwyFEnY98Uo6WCag",
    "description": "Game Active"
  },
  {
    "name": "Flappy Dunk",
    "src": "https://cdn.jsdelivr.net/gh/gn-math/html@main/153.html",
    "image": "https://cdn.jsdelivr.net/gh/gn-math/covers@main/153.png",
    "description": "Game Active"
  },
  {
    "name": "Idle Mining Empire",
    "src": "https://cdn.jsdelivr.net/gh/gn-math/html@main/364.html",
    "image": "https://cdn.jsdelivr.net/gh/gn-math/covers@main/364.png",
    "description": "Game Active"
  },
  {
    "name": "Kindergarten",
    "src": "https://cdn.jsdelivr.net/gh/gn-math/html@main/445.html",
    "image": "https://cdn.jsdelivr.net/gh/gn-math/covers@main/445.png",
    "description": "Game Active"
  },
  {
    "name": "Kindergarten 2",
    "src": "https://cdn.jsdelivr.net/gh/gn-math/html@main/446.html",
    "image": "https://cdn.jsdelivr.net/gh/gn-math/covers@main/446.png",
    "description": "Game Active"
  },
  {
    "name": "Kindergarten 3",
    "src": "https://cdn.jsdelivr.net/gh/gn-math/html@main/501.html",
    "image": "https://cdn.jsdelivr.net/gh/gn-math/covers@main/501.png",
    "description": "Game Active"
  },
  {
    "name": "Melon Playground",
    "src": "https://cdn.jsdelivr.net/gh/gn-math/html@main/172.html",
    "image": "https://cdn.jsdelivr.net/gh/gn-math/covers@main/172.png",
    "description": "Game Active"
  },
  {
    "name": "Ragdoll Hit",
    "src": "https://cdn.jsdelivr.net/gh/gn-math/html@main/44.html",
    "image": "https://cdn.jsdelivr.net/gh/gn-math/covers@main/44.png",
    "description": "Game Active"
  },
  {
    "name": "Cut the Rope",
    "src": "https://cdn.jsdelivr.net/gh/gn-math/html@main/212.html",
    "image": "https://cdn.jsdelivr.net/gh/gn-math/covers@main/212.png",
    "description": "Game Active"
  },
  {
    "name": "Gorilla Tag",
    "src": "https://raw.githubusercontent.com/ten8mystery/Vertex-Gold-Assets/refs/heads/main/gorillatag.html",
    "image": "https://cdn.jsdelivr.net/gh/gn-math/covers@main/668.png",
    "description": "Game Active"
  },
  {
    "name": "Candy Crush",
    "src": "https://cdn.jsdelivr.net/gh/gn-math/html@main/171.html",
    "image": "https://cdn.jsdelivr.net/gh/gn-math/covers@main/171.png",
    "description": "Game Active"
  },
  {
    "name": "Pizza Tower",
    "src": "https://cdn.jsdelivr.net/gh/gn-math/html@main/267.html",
    "image": "https://cdn.jsdelivr.net/gh/gn-math/covers@main/267.png",
    "description": "Game Active"
  },
  {
    "name": "Jetpack Joyride",
    "src": "https://cdn.jsdelivr.net/gh/gn-math/html@main/7.html",
    "image": "https://cdn.jsdelivr.net/gh/gn-math/covers@main/7.png",
    "description": "Game Active"
  },
  {
    "name": "Schoolboy Runaway",
    "src": "https://raw.githubusercontent.com/Jeremy4401/Schoolboy-Runaway/main/index.html",
    "image": "https://cdn.jsdelivr.net/gh/gn-math/covers@main/605.png",
    "description": "Game Active"
  },
  {
    "name": "WebFishing",
    "src": "https://cdn.jsdelivr.net/gh/gn-math/html@main/423.html",
    "image": "https://cdn.jsdelivr.net/gh/gn-math/covers@main/423.png",
    "description": "Game Active"
  },
  {
    "name": "Terraria",
    "src": "https://raw.githubusercontent.com/ten8mystery/Vertex-Gold-Assets/refs/heads/main/terraria.html",
    "image": "https://cdn.jsdelivr.net/gh/gn-math/covers@main/669.png",
    "description": "Game Active"
  },
  {
    "name": "Raldi's Crackhouse",
    "src": "https://cdn.jsdelivr.net/gh/gn-math/html@main/670.html",
    "image": "https://cdn.jsdelivr.net/gh/gn-math/covers@main/670.png",
    "description": "Game Active"
  },
  {
    "name": "We Become What We Behold",
    "src": "https://cdn.jsdelivr.net/gh/gn-math/html@main/671.html",
    "image": "https://cdn.jsdelivr.net/gh/gn-math/covers@main/671.png",
    "description": "Game Active"
  },
  {
    "name": "Meatboy",
    "src": "https://cdn.jsdelivr.net/gh/gn-math/html@main/689.html",
    "image": "https://cdn.jsdelivr.net/gh/gn-math/covers@main/689.png",
    "description": "Game Active"
  },
  {
    "name": "Fallout",
    "src": "https://cdn.jsdelivr.net/gh/gn-math/html@main/585.html",
    "image": "https://cdn.jsdelivr.net/gh/gn-math/covers@main/585.png",
    "description": "Game Active"
  },
  {
    "name": "Pico's School",
    "src": "https://cdn.jsdelivr.net/gh/gn-math/html@main/687.html",
    "image": "https://cdn.jsdelivr.net/gh/gn-math/covers@main/687.png",
    "description": "Game Active"
  },
  {
    "name": "Friday Night Funkin VS Imposter",
    "src": "https://cdn.jsdelivr.net/gh/gn-math/html@main/608.html",
    "image": "https://cdn.jsdelivr.net/gh/gn-math/covers@main/608.png",
    "description": "Game Active"
  },
  {
    "name": "Friday Night Funkin VS Whitty",
    "src": "https://cdn.jsdelivr.net/gh/gn-math/html@main/474.html",
    "image": "https://cdn.jsdelivr.net/gh/gn-math/covers@main/474.png",
    "description": "Game Active"
  },
  {
    "name": "Friday Night Funkin VS Garcello",
    "src": "https://cdn.jsdelivr.net/gh/gn-math/html@main/485.html",
    "image": "https://cdn.jsdelivr.net/gh/gn-math/covers@main/485.png",
    "description": "Game Active"
  },
  {
    "name": "Friday Night Funkin': Hit Single Real",
    "src": "https://cdn.jsdelivr.net/gh/gn-math/html@main/483.html",
    "image": "https://cdn.jsdelivr.net/gh/gn-math/covers@main/483.png",
    "description": "Game Active"
  },
  {
    "name": "1v1.LoL",
    "src": "https://cdn.jsdelivr.net/gh/gn-math/html@main/58.html",
    "image": "https://cdn.jsdelivr.net/gh/gn-math/covers@main/58.png",
    "description": "Game Active"
  },
  {
    "name": "Yandere Simulator",
    "src": "https://cdn.jsdelivr.net/gh/gn-math/html@main/554.html",
    "image": "https://cdn.jsdelivr.net/gh/gn-math/covers@main/554.png",
    "description": "Game Active"
  },
  {
    "name": "Slime Rancher",
    "src": "https://raw.githubusercontent.com/ten8mystery/Vertex-Gold/main/data/local/zones/Slime%20Rancher.html",
    "image": "https://cdn.jsdelivr.net/gh/gn-math/covers@main/591.png",
    "description": "Game Active"
  },
  {
    "name": "Baldi's Basics Plus",
    "src": "https://raw.githubusercontent.com/ten8mystery/Vertex-Gold/main/data/local/zones/Baldi's%20Basics%20Plus.html",
    "image": "https://cdn.jsdelivr.net/gh/gn-math/covers@main/467.png",
    "description": "Game Active"
  },
  {
    "name": "R.E.P.O",
    "src": "https://cdn.jsdelivr.net/gh/gn-math/html@main/195.html",
    "image": "https://cdn.jsdelivr.net/gh/gn-math/covers@main/195.png",
    "description": "Game Active"
  },
  {
    "name": "FIFA 10",
    "src": "https://cdn.jsdelivr.net/gh/gn-math/html@main/686.html",
    "image": "https://cdn.jsdelivr.net/gh/gn-math/covers@main/686.png",
    "description": "Game Active"
  },
  {
    "name": "FIFA 11",
    "src": "https://cdn.jsdelivr.net/gh/gn-math/html@main/685.html",
    "image": "https://cdn.jsdelivr.net/gh/gn-math/covers@main/685.png",
    "description": "Game Active"
  },
  {
    "name": "Fruit Ninja",
    "src": "https://cdn.jsdelivr.net/gh/gn-math/html@main/261.html",
    "image": "https://cdn.jsdelivr.net/gh/gn-math/covers@main/261.png",
    "description": "Game Active"
  },
  {
    "name": "Half Life: Opposing Force",
    "src": "https://cdn.jsdelivr.net/gh/gn-math/html@main/693.html",
    "image": "https://cdn.jsdelivr.net/gh/gn-math/covers@main/693.png",
    "description": "Game Active"
  },
  {
    "name": "Bitlife",
    "src": "https://cdn.jsdelivr.net/gh/gn-math/html@main/70.html",
    "image": "https://cdn.jsdelivr.net/gh/gn-math/covers@main/70.png",
    "description": "Game Active"
  },
  {
    "name": "Basket Bros",
    "src": "https://cdn.jsdelivr.net/gh/gn-math/html@main/285.html",
    "image": "https://cdn.jsdelivr.net/gh/gn-math/covers@main/285.png",
    "description": "Game Active"
  },
  {
    "name": "Twerk Race 3D",
    "src": "https://cdn.jsdelivr.net/gh/gn-math/html@main/414.html",
    "image": "https://cdn.jsdelivr.net/gh/gn-math/covers@main/414.png",
    "description": "Game Active"
  },
  {
    "name": "Pokemon Firered",
    "src": "https://cdn.jsdelivr.net/gh/gn-math/html@main/694.html",
    "image": "https://cdn.jsdelivr.net/gh/gn-math/covers@main/694.png",
    "description": "Game Active"
  },
  {
    "name": "Tube Jumpers",
    "src": "https://cdn.jsdelivr.net/gh/gn-math/html@main/111.html",
    "image": "https://cdn.jsdelivr.net/gh/gn-math/covers@main/111.png",
    "description": "Game Active"
  },
  {
    "name": "Tomb Of The Mask",
    "src": "https://cdn.jsdelivr.net/gh/gn-math/html@main/109.html",
    "image": "https://cdn.jsdelivr.net/gh/gn-math/covers@main/109.png",
    "description": "Game Active"
  },
  {
    "name": "Aquapark.io",
    "src": "https://cdn.jsdelivr.net/gh/gn-math/html@main/448.html",
    "image": "https://cdn.jsdelivr.net/gh/gn-math/covers@main/448.png",
    "description": "Game Active"
  },
  {
    "name": "Cookie Clicker",
    "src": "https://raw.githubusercontent.com/ten8mystery/Vertex-Gold-Assets/main/Cookie%20Clicker.html",
    "image": "https://cdn.jsdelivr.net/gh/gn-math/covers@main/82.png",
    "description": "Game Active"
  },
  {
    "name": "Gobble",
    "src": "https://cdn.jsdelivr.net/gh/gn-math/html@main/37.html",
    "image": "https://cdn.jsdelivr.net/gh/gn-math/covers@main/37.png",
    "description": "Game Active"
  },
  {
    "name": "Going Balls",
    "src": "https://cdn.jsdelivr.net/gh/gn-math/html@main/662.html",
    "image": "https://cdn.jsdelivr.net/gh/gn-math/covers@main/662.png",
    "description": "Game Active"
  },
  {
    "name": "Football Bros",
    "src": "https://cdn.jsdelivr.net/gh/gn-math/html@main/548.html",
    "image": "https://cdn.jsdelivr.net/gh/gn-math/covers@main/548.png",
    "description": "Game Active"
  },
  {
    "name": "Plinko",
    "src": "https://cdn.jsdelivr.net/gh/gn-math/html@main/544.html",
    "image": "https://cdn.jsdelivr.net/gh/gn-math/covers@main/544.png",
    "description": "Game Active"
  },
  {
    "name": "Raft",
    "src": "https://cdn.jsdelivr.net/gh/gn-math/html@main/457.html",
    "image": "https://cdn.jsdelivr.net/gh/gn-math/covers@main/457.png",
    "description": "Game Active"
  },
  {
    "name": "Parappa The Rapper",
    "src": "https://cdn.jsdelivr.net/gh/gn-math/html@main/524.html",
    "image": "https://cdn.jsdelivr.net/gh/gn-math/covers@main/524.png",
    "description": "Game Active"
  },
  {
    "name": "Duck Life 8",
    "src": "https://cdn.jsdelivr.net/gh/gn-math/html@main/695.html",
    "image": "https://cdn.jsdelivr.net/gh/gn-math/covers@main/695.png",
    "description": "Game Active"
  },
  {
    "name": "Minesweeper Plus",
    "src": "https://raw.githubusercontent.com/ten8mystery/Vertex-Gold-Assets/refs/heads/main/msweepplus.html",
    "image": "https://cdn.jsdelivr.net/gh/gn-math/covers@main/604.png",
    "description": "Game Active"
  },
  {
    "name": "Minesweeper Mania",
    "src": "https://cdn.jsdelivr.net/gh/gn-math/html@main/313.html",
    "image": "https://cdn.jsdelivr.net/gh/gn-math/covers@main/313.png",
    "description": "Game Active"
  },
  {
    "name": "Solar Smash",
    "src": "https://cdn.jsdelivr.net/gh/gn-math/html@main/118.html",
    "image": "https://cdn.jsdelivr.net/gh/gn-math/covers@main/118.png",
    "description": "Game Active"
  },
  {
    "name": "Pokemon HeartGold",
    "src": "https://cdn.jsdelivr.net/gh/gn-math/html@main/696.html",
    "image": "https://cdn.jsdelivr.net/gh/gn-math/covers@main/696.png",
    "description": "Game Active"
  },
  {
    "name": "Sonic.EXE",
    "src": "https://cdn.jsdelivr.net/gh/gn-math/html@main/598.html",
    "image": "https://cdn.jsdelivr.net/gh/gn-math/covers@main/598.png",
    "description": "Game Active"
  },
  {
    "name": "Stone Grass Mowing Simulator",
    "src": "https://cdn.jsdelivr.net/gh/gn-math/html@main/584.html",
    "image": "https://encrypted-tbn0.gstatic.com/images?q=tbn:ANd9GcS_1kA99hLRGkpJq0emWEKPBQhuLc-8RAeI_g&s",
    "description": "Game Active"
  },
  {
    "name": "Doge Miner",
    "src": "https://cdn.jsdelivr.net/gh/gn-math/html@main/511.html",
    "image": "https://cdn.jsdelivr.net/gh/gn-math/covers@main/511.png",
    "description": "Game Active"
  },
  {
    "name": "Slowroads",
    "src": "https://cdn.jsdelivr.net/gh/gn-math/html@main/369.html",
    "image": "https://cdn.jsdelivr.net/gh/gn-math/covers@main/369.png",
    "description": "Game Active"
  },
  {
    "name": "Superhot",
    "src": "https://cdn.jsdelivr.net/gh/gn-math/html@main/233.html",
    "image": "https://cdn.jsdelivr.net/gh/gn-math/covers@main/233.png",
    "description": "Game Active"
  },
  {
    "name": "Temple Run 2",
    "src": "https://cdn.jsdelivr.net/gh/gn-math/html@main/10.html",
    "image": "https://cdn.jsdelivr.net/gh/gn-math/covers@main/10.png",
    "description": "Game Active"
  },
  {
    "name": "The Impossible Quiz",
    "src": "https://cdn.jsdelivr.net/gh/gn-math/html@main/507.html",
    "image": "https://cdn.jsdelivr.net/gh/gn-math/covers@main/507.png",
    "description": "Game Active"
  },
  {
    "name": "The World's Hardest Game",
    "src": "https://cdn.jsdelivr.net/gh/gn-math/html@main/103.html",
    "image": "https://cdn.jsdelivr.net/gh/gn-math/covers@main/103.png",
    "description": "Game Active"
  },
  {
    "name": "Nubby's Number Factory",
    "src": "https://cdn.jsdelivr.net/gh/gn-math/html@main/517.html",
    "image": "https://cdn.jsdelivr.net/gh/gn-math/covers@main/517.png",
    "description": "Game Active"
  },
  {
    "name": "Google Baseball",
    "src": "https://cdn.jsdelivr.net/gh/gn-math/html@main/257.html",
    "image": "https://cdn.jsdelivr.net/gh/gn-math/covers@main/257.png",
    "description": "Game Active"
  },
  {
    "name": "Google Feud",
    "src": "https://cdn.jsdelivr.net/gh/gn-math/html@main/361.html",
    "image": "https://cdn.jsdelivr.net/gh/gn-math/covers@main/361.png",
    "description": "Game Active"
  },
  {
    "name": "Block Blast",
    "src": "https://cdn.jsdelivr.net/gh/gn-math/html@main/6.html",
    "image": "https://cdn.jsdelivr.net/gh/gn-math/covers@main/6.png",
    "description": "Game Active"
  },
  {
    "name": "Idle Breakout",
    "src": "https://cdn.jsdelivr.net/gh/gn-math/html@main/362.html",
    "image": "https://cdn.jsdelivr.net/gh/gn-math/covers@main/362.png",
    "description": "Game Active"
  },
  {
    "name": "Five Nights at Freddy's: World",
    "src": "https://cdn.jsdelivr.net/gh/gn-math/html@main/190.html",
    "image": "https://cdn.jsdelivr.net/gh/gn-math/covers@main/190.png",
    "description": "Game Active"
  },
  {
    "name": "Poly Track",
    "src": "https://cdn.jsdelivr.net/gh/gn-math/html@main/123.html",
    "image": "https://cdn.jsdelivr.net/gh/gn-math/covers@main/123.png",
    "description": "Game Active"
  },
  {
    "name": "Flappy Bird",
    "src": "https://cdn.jsdelivr.net/gh/gn-math/html@main/129.html",
    "image": "https://cdn.jsdelivr.net/gh/gn-math/covers@main/129.png",
    "description": "Game Active"
  },
  {
    "name": "RE:RUN",
    "src": "https://cdn.jsdelivr.net/gh/gn-math/html@main/260.html",
    "image": "https://cdn.jsdelivr.net/gh/gn-math/covers@main/260.png",
    "description": "Game Active"
  },
  {
    "name": "Drift Boss",
    "src": "https://cdn.jsdelivr.net/gh/gn-math/html@main/276.html",
    "image": "https://cdn.jsdelivr.net/gh/gn-math/covers@main/276.png",
    "description": "Game Active"
  },
  {
    "name": "JustFall.lol",
    "src": "https://cdn.jsdelivr.net/gh/gn-math/html@main/365.html",
    "image": "https://cdn.jsdelivr.net/gh/gn-math/covers@main/365.png",
    "description": "Game Active"
  },
  {
    "name": "Hill Climb Racing Lite",
    "src": "https://cdn.jsdelivr.net/gh/gn-math/html@main/157.html",
    "image": "https://cdn.jsdelivr.net/gh/gn-math/covers@main/157.png",
    "description": "Game Active"
  },
  {
    "name": "Paper.io 2",
    "src": "https://cdn.jsdelivr.net/gh/gn-math/html@main/102.html",
    "image": "https://cdn.jsdelivr.net/gh/gn-math/covers@main/102.png",
    "description": "Game Active"
  },
  {
    "name": "Recoil",
    "src": "https://cdn.jsdelivr.net/gh/gn-math/html@main/546.html",
    "image": "https://cdn.jsdelivr.net/gh/gn-math/covers@main/546.png",
    "description": "Game Active"
  },
  {
    "name": "Sandtris",
    "src": "https://cdn.jsdelivr.net/gh/gn-math/html@main/311.html",
    "image": "https://cdn.jsdelivr.net/gh/gn-math/covers@main/311.png",
    "description": "Game Active"
  },
  {
    "name": "Quake III Arena",
    "src": "https://cdn.jsdelivr.net/gh/gn-math/html@main/263.html",
    "image": "https://cdn.jsdelivr.net/gh/gn-math/covers@main/263.png",
    "description": "Game Active"
  },
  {
    "name": "War The Knights",
    "src": "https://cdn.jsdelivr.net/gh/gn-math/html@main/284.html",
    "image": "https://encrypted-tbn0.gstatic.com/images?q=tbn:ANd9GcShfnRZf79PJ7yqnVgVOEfF-Os2cS6-fLa3Tw&s",
    "description": "Game Active"
  },
  {
    "name": "Slither.io",
    "src": "https://cdn.jsdelivr.net/gh/gn-math/html@main/461.html",
    "image": "https://cdn.jsdelivr.net/gh/gn-math/covers@main/461.png",
    "description": "Game Active"
  },
  {
    "name": "Waterworks!",
    "src": "https://cdn.jsdelivr.net/gh/gn-math/html@main/594.html",
    "image": "https://cdn.jsdelivr.net/gh/gn-math/covers@main/594.png",
    "description": "Game Active"
  },
  {
    "name": "Stickman and Guns",
    "src": "https://cdn.jsdelivr.net/gh/gn-math/html@main/578.html",
    "image": "https://cdn.jsdelivr.net/gh/gn-math/covers@main/578.png",
    "description": "Game Active"
  },
  {
    "name": "Undertale Yellow",
    "src": "https://cdn.jsdelivr.net/gh/gn-math/html@main/456.html",
    "image": "https://cdn.jsdelivr.net/gh/gn-math/covers@main/456.png",
    "description": "Game Active"
  },
  {
    "name": "Station 141",
    "src": "https://cdn.jsdelivr.net/gh/gn-math/html@main/452.html",
    "image": "https://cdn.jsdelivr.net/gh/gn-math/covers@main/452.png",
    "description": "Game Active"
  },
  {
    "name": "Slender: The 8 Pages",
    "src": "https://cdn.jsdelivr.net/gh/gn-math/html@main/451.html",
    "image": "https://cdn.jsdelivr.net/gh/gn-math/covers@main/451.png",
    "description": "Game Active"
  },
  {
    "name": "Happy Sheepies",
    "src": "https://cdn.jsdelivr.net/gh/gn-math/html@main/351.html",
    "image": "https://cdn.jsdelivr.net/gh/gn-math/covers@main/351.png",
    "description": "Game Active"
  },
  {
    "name": "The Man In The Window",
    "src": "https://cdn.jsdelivr.net/gh/gn-math/html@main/459.html",
    "image": "https://cdn.jsdelivr.net/gh/gn-math/covers@main/459.png",
    "description": "Game Active"
  },
  {
    "name": "3Dash",
    "src": "https://raw.githubusercontent.com/ten8mystery/Vertex-Gold-Assets/refs/heads/main/3dasheditor.html",
    "image": "https://shared.fastly.steamstatic.com/store_item_assets/steam/apps/3404000/header.jpg",
    "description": "Game Active"
  },
  {
    "name": "Call of Duty: Modern Warfare 3",
    "src": "https://raw.githubusercontent.com/ten8mystery/Vertex-Gold-Assets/refs/heads/main/codmw3.html",
    "image": "https://i.guim.co.uk/img/static/sys-images/Technology/Pix/pictures/2011/11/7/1320680882011/Modern-Warfare-3-005.jpg?width=465&dpr=1&s=none&crop=none",
    "description": "Game Active"
  },
  {
    "name": "CSGO Clicker",
    "src": "https://raw.githubusercontent.com/ten8mystery/Vertex-Gold-Assets/refs/heads/main/csgoclicker.html",
    "image": "https://screenshots.codesandbox.io/tgrhy2/0.png",
    "description": "Game Active"
  },
  {
    "name": "Dino Game",
    "src": "https://raw.githubusercontent.com/ten8mystery/Vertex-Gold-Assets/refs/heads/main/dinogame.html",
    "image": "https://cdn.mos.cms.futurecdn.net/v2/t:0,l:236,cw:609,ch:609,q:80,w:609/3q2rJvGWV5W4AzF7ydhEj4.jpg",
    "description": "Game Active"
  },
  {
    "name": "Fireboy and Watergirl",
    "src": "https://raw.githubusercontent.com/ten8mystery/Vertex-Gold-Assets/refs/heads/main/fireboyandwatergirl.html",
    "image": "https://encrypted-tbn0.gstatic.com/images?q=tbn:ANd9GcQqZCq_k8GFh7jYv0zOlg79hm9MqD-Ko0w4nQ&s",
    "description": "Game Active"
  },
  {
    "name": "Infinite Craft",
    "src": "https://raw.githubusercontent.com/ten8mystery/Vertex-Gold-Assets/refs/heads/main/infinitecraft.html",
    "image": "https://infinitecraft-game.io//data/image/game/infinite-craft-game1.jpg",
    "description": "Game Active"
  },
  {
    "name": "Slope 3",
    "src": "https://raw.githubusercontent.com/ten8mystery/Vertex-Gold-Assets/refs/heads/main/slope3.html",
    "image": "https://i.ytimg.com/vi/wEAYDFPhvfQ/maxresdefault.jpg",
    "description": "Game Active"
  },
  {
    "name": "Five Nights at Freddy's: World Refreshed",
    "src": "https://raw.githubusercontent.com/ten8mystery/Vertex-Gold-Assets/refs/heads/main/fnafworldrefreshed.html",
    "image": "https://cdn.jsdelivr.net/gh/gn-math/covers@main/704.png",
    "description": "Game Active"
  },
  {
    "name": "Rocket League (Ripoff)",
    "src": "https://raw.githubusercontent.com/ten8mystery/Vertex-Gold-Assets/refs/heads/main/rocketleague.html",
    "image": "https://upload.wikimedia.org/wikipedia/en/e/ee/RL_Sideswipe_Coverart.png",
    "description": "Game Active"
  },
  {
    "name": "Real Flight Simulator",
    "src": "https://cdn.jsdelivr.net/gh/gn-math/html@main/701.html",
    "image": "https://cdn.jsdelivr.net/gh/gn-math/covers@main/701.png",
    "description": "Game Active"
  },
  {
    "name": "Doodle Jump",
    "src": "https://cdn.jsdelivr.net/gh/gn-math/html@main/470.html",
    "image": "https://cdn.jsdelivr.net/gh/gn-math/covers@main/470.png",
    "description": "Game Active"
  },
  {
    "name": "Adventure Capatalist",
    "src": "https://raw.githubusercontent.com/ten8mystery/Vertex-Gold-Assets/refs/heads/main/adventurecapatalist.html",
    "image": "https://cdn.jsdelivr.net/gh/gn-math/covers@main/354.png",
    "description": "Game Active"
  },
  {
    "name": "Binding of Issac: Wrath of the Lamb",
    "src": "https://cdn.jsdelivr.net/gh/gn-math/html@main/350.html",
    "image": "https://cdn.jsdelivr.net/gh/gn-math/covers@main/350.png",
    "description": "Game Active"
  },
  {
    "name": "Iron Lung",
    "src": "https://raw.githubusercontent.com/ten8mystery/Vertex-Gold-Assets/refs/heads/main/ironlung.html",
    "image": "https://cdn.jsdelivr.net/gh/gn-math/covers@main/705.png",
    "description": "Game Active"
  },
  {
    "name": "Goblin Goopmaxxing",
    "src": "https://cdn.jsdelivr.net/gh/gn-math/html@main/655.html",
    "image": "https://cdn.jsdelivr.net/gh/gn-math/covers@main/655.png",
    "description": "Game Active"
  },
  {
    "name": "Hobo",
    "src": "https://cdn.jsdelivr.net/gh/gn-math/html@main/673.html",
    "image": "https://cdn.jsdelivr.net/gh/gn-math/covers@main/673.png",
    "description": "Game Active"
  },
  {
    "name": "Hobo 2",
    "src": "https://cdn.jsdelivr.net/gh/gn-math/html@main/674.html",
    "image": "https://cdn.jsdelivr.net/gh/gn-math/covers@main/674.png",
    "description": "Game Active"
  },
  {
    "name": "Hobo 3",
    "src": "https://cdn.jsdelivr.net/gh/gn-math/html@main/675.html",
    "image": "https://cdn.jsdelivr.net/gh/gn-math/covers@main/675.png",
    "description": "Game Active"
  },
  {
    "name": "Hobo 4",
    "src": "https://cdn.jsdelivr.net/gh/gn-math/html@main/676.html",
    "image": "https://cdn.jsdelivr.net/gh/gn-math/covers@main/676.png",
    "description": "Game Active"
  },
  {
    "name": "Hobo 5",
    "src": "https://cdn.jsdelivr.net/gh/gn-math/html@main/677.html",
    "image": "https://cdn.jsdelivr.net/gh/gn-math/covers@main/677.png",
    "description": "Game Active"
  },
  {
    "name": "Hobo 6",
    "src": "https://cdn.jsdelivr.net/gh/gn-math/html@main/678.html",
    "image": "https://cdn.jsdelivr.net/gh/gn-math/covers@main/678.png",
    "description": "Game Active"
  },
  {
    "name": "Hobo 6",
    "src": "https://cdn.jsdelivr.net/gh/gn-math/html@main/678.html",
    "image": "https://cdn.jsdelivr.net/gh/gn-math/covers@main/678.png",
    "description": "Game Active"
  },
  {
    "name": "Five Nights at Freddy's: Sister Location",
    "src": "https://cdn.jsdelivr.net/gh/gn-math/html@main/185.html",
    "image": "https://cdn.jsdelivr.net/gh/gn-math/covers@main/185.png",
    "description": "Game Active"
  },
  {
    "name": "Five Nights at Freddy's: Pizza Simulator",
    "src": "https://cdn.jsdelivr.net/gh/gn-math/html@main/191.html",
    "image": "https://cdn.jsdelivr.net/gh/gn-math/covers@main/191.png",
    "description": "Game Active"
  },
  {
    "name": "Five Nights at Freddy's: Ultimate Custom Night",
    "src": "https://cdn.jsdelivr.net/gh/gn-math/html@main/192.html",
    "image": "https://cdn.jsdelivr.net/gh/gn-math/covers@main/192.png",
    "description": "Game Active"
  },
  {
    "name": "Survivor.io",
    "src": "https://raw.githubusercontent.com/ten8mystery/Vertex-Gold-Assets/refs/heads/main/survivorio.html",
    "image": "https://cdn.jsdelivr.net/gh/gn-math/covers@main/709.png",
    "description": "Game Active"
  },
  {
    "name": "Territorial.io",
    "src": "https://cdn.jsdelivr.net/gh/gn-math/html@main/303.html",
    "image": "https://cdn.jsdelivr.net/gh/gn-math/covers@main/303.png",
    "description": "Game Active"
  },
  {
    "name": "Fortzone",
    "src": "https://cdn.jsdelivr.net/gh/gn-math/html@main/120.html",
    "image": "https://cdn.jsdelivr.net/gh/gn-math/covers@main/120.png",
    "description": "Game Active"
  },
  {
    "name": "Spacebar Clicker",
    "src": "https://cdn.jsdelivr.net/gh/gn-math/html@main/473.html",
    "image": "https://cdn.jsdelivr.net/gh/gn-math/covers@main/473.png",
    "description": "Game Active"
  },
  {
    "name": "Slime.io",
    "src": "https://cdn.jsdelivr.net/gh/gn-math/html@main/327.html",
    "image": "https://cdn.jsdelivr.net/gh/gn-math/covers@main/327.png",
    "description": "Game Active"
  },
  {
    "name": "Hotline Miami",
    "src": "https://raw.githubusercontent.com/ten8mystery/Vertex-Gold-Assets/refs/heads/main/hotlinemiami.html",
    "image": "https://cdn.jsdelivr.net/gh/gn-math/covers@main/217.png",
    "description": "Game Active"
  },
  {
    "name": "Silent Hill",
    "src": "https://cdn.jsdelivr.net/gh/gn-math/html@main/713.html",
    "image": "https://cdn.jsdelivr.net/gh/gn-math/covers@main/713.png",
    "description": "Game Active"
  },
  {
    "name": "Needy Streamer Overload",
    "src": "https://raw.githubusercontent.com/ten8mystery/Vertex-Gold-Assets/refs/heads/main/needystreameroverload.html",
    "image": "https://cdn.jsdelivr.net/gh/gn-math/covers@main/708.png",
    "description": "Game Active"
  },
  {
    "name": "Untitled Goose Game",
    "src": "https://raw.githubusercontent.com/ten8mystery/Vertex-Gold-Assets/refs/heads/main/untitledgoosegame.html",
    "image": "https://cdn.jsdelivr.net/gh/gn-math/covers@main/718.png",
    "description": "Game Active"
  },
  {
    "name": "Oneshot (Legacy)",
    "src": "https://cdn.jsdelivr.net/gh/gn-math/html@main/622.html",
    "image": "https://cdn.jsdelivr.net/gh/gn-math/covers@main/622.png",
    "description": "Game Active"
  },
  {
    "name": "Swords and Souls",
    "src": "https://cdn.jsdelivr.net/gh/gn-math/html@main/178.html",
    "image": "https://cdn.jsdelivr.net/gh/gn-math/covers@main/178.png",
    "description": "Game Active"
  },
  {
    "name": "God's Flesh",
    "src": "https://cdn.jsdelivr.net/gh/gn-math/html@main/434.html",
    "image": "https://cdn.jsdelivr.net/gh/gn-math/covers@main/434.png",
    "description": "Game Active"
  },
  {
    "name": "Among Us",
    "src": "https://raw.githubusercontent.com/ten8mystery/Vertex-Gold-Assets/refs/heads/main/amongus.html",
    "image": "https://static.wikia.nocookie.net/among-us-wiki/images/8/84/Among_Us.png",
    "description": "Game Active"
  },
  {
    "name": "Amanda the Adventurer",
    "src": "https://cdn.jsdelivr.net/gh/gn-math/html@main/450.html",
    "image": "https://cdn.jsdelivr.net/gh/gn-math/covers@main/450.png",
    "description": "Game Active"
  },
  {
    "name": "Stick With It",
    "src": "https://cdn.jsdelivr.net/gh/gn-math/html@main/502.html",
    "image": "https://cdn.jsdelivr.net/gh/gn-math/covers@main/502.png",
    "description": "Game Active"
  },
  {
    "name": "Midnight Shift",
    "src": "https://cdn.jsdelivr.net/gh/gn-math/html@main/658.html",
    "image": "https://cdn.jsdelivr.net/gh/gn-math/covers@main/658.png",
    "description": "Game Active"
  },
  {
    "name": "Dead Plate",
    "src": "https://cdn.jsdelivr.net/gh/gn-math/html@main/462.html",
    "image": "https://cdn.jsdelivr.net/gh/gn-math/covers@main/462.png",
    "description": "Game Active"
  },
  {
    "name": "Balatro",
    "src": "https://raw.githubusercontent.com/ten8mystery/Vertex-Gold-Assets/refs/heads/main/balatro.html",
    "image": "https://upload.wikimedia.org/wikipedia/en/8/89/Balatro_cover.jpg",
    "description": "Game Active"
  },
  {
    "name": "Brotato",
    "src": "https://cdn.jsdelivr.net/gh/gn-math/html@main/723.html",
    "image": "https://cdn.jsdelivr.net/gh/gn-math/covers@main/723.png",
    "description": "Game Active"
  },
  {
    "name": "Endoparasitic 2",
    "src": "https://cdn.jsdelivr.net/gh/gn-math/html@main/724.html",
    "image": "https://cdn.jsdelivr.net/gh/gn-math/covers@main/724.png",
    "description": "Game Active"
  },
  {
    "name": "Fused 240",
    "src": "https://cdn.jsdelivr.net/gh/gn-math/html@main/722.html",
    "image": "https://cdn.jsdelivr.net/gh/gn-math/covers@main/722.png",
    "description": "Game Active"
  },
  {
    "name": "Undertale: Last Breath",
    "src": "https://cdn.jsdelivr.net/gh/gn-math/html@main/731.html",
    "image": "https://cdn.jsdelivr.net/gh/gn-math/covers@main/731.png",
    "description": "Game Active"
  },
  {
    "name": "ShredSauce",
    "src": "https://raw.githubusercontent.com/ten8mystery/Vertex-Gold-Assets/main/shredsauce.html",
    "image": "https://cdn.jsdelivr.net/gh/gn-math/covers@main/725.png",
    "description": "Game Active"
  },
  {
    "name": "Tetris",
    "src": "https://cdn.jsdelivr.net/gh/gn-math/html@main/733.html",
    "image": "https://cdn.jsdelivr.net/gh/gn-math/covers@main/733.png",
    "description": "Game Active"
  },
  {
    "name": "Fear Assessment",
    "src": "https://cdn.jsdelivr.net/gh/gn-math/html@main/728.html",
    "image": "https://cdn.jsdelivr.net/gh/gn-math/covers@main/728.png",
    "description": "Game Active"
  },
  {
    "name": "Famidash",
    "src": "https://cdn.jsdelivr.net/gh/gn-math/html@main/735.html",
    "image": "https://cdn.jsdelivr.net/gh/gn-math/covers@main/735.png",
    "description": "Game Active"
  },
  {
    "name": "Veck.io",
    "src": "https://raw.githubusercontent.com/ten8mystery/Vertex-Gold-Assets/main/veckio.html",
    "image": "https://encrypted-tbn0.gstatic.com/images?q=tbn:ANd9GcQ9jNmD-sbvVOGCltZmsLM6NSsVkhVOuLL3mQ&s",
    "description": "Game Active"
  },
  {
    "name": "Omori",
    "src": "https://raw.githubusercontent.com/ten8mystery/Vertex-Gold-Assets/main/omori.html",
    "image": "https://cdn.jsdelivr.net/gh/gn-math/covers@main/427.png",
    "description": "Game Active"
  },
  {
    "name": "Orange Roulette",
    "src": "https://cdn.jsdelivr.net/gh/gn-math/html@main/659.html",
    "image": "https://cdn.jsdelivr.net/gh/gn-math/covers@main/659.png",
    "description": "Game Active"
  },
  {
    "name": "Friday Night Funkin': VS. Impostor: Alternated",
    "src": "https://cdn.jsdelivr.net/gh/gn-math/html@main/633.html",
    "image": "https://cdn.jsdelivr.net/gh/gn-math/covers@main/633.png",
    "description": "Game Active"
  },
  {
    "name": "2048",
    "src": "https://raw.githubusercontent.com/ten8mystery/Vertex-Gold-Assets/refs/heads/main/2048.html",
    "image": "https://cdn.jsdelivr.net/gh/gn-math/covers@main/114.png",
    "description": "Game Active"
  },
  {
    "name": "2048 Merge Run",
    "src": "https://cdn.jsdelivr.net/gh/gn-math/html@main/375.html",
    "image": "https://cdn.jsdelivr.net/gh/gn-math/covers@main/375.png",
    "description": "Game Active"
  },
  {
    "name": "Escape Road 2",
    "src": "https://cdn.jsdelivr.net/gh/gn-math/html@main/265.html",
    "image": "https://cdn.jsdelivr.net/gh/gn-math/covers@main/265.png",
    "description": "Game Active"
  },
  {
    "name": "Jumbo Mario",
    "src": "https://cdn.jsdelivr.net/gh/gn-math/html@main/712.html",
    "image": "https://cdn.jsdelivr.net/gh/gn-math/covers@main/712.png",
    "description": "Game Active"
  },
  {
    "name": "Nazi Zombies: Portable",
    "src": "https://cdn.jsdelivr.net/gh/gn-math/html@main/308.html",
    "image": "https://cdn.jsdelivr.net/gh/gn-math/covers@main/308.png",
    "description": "Game Active"
  },
  {
    "name": "Generic Fighter Maybe",
    "src": "https://cdn.jsdelivr.net/gh/gn-math/html@main/519.html",
    "image": "https://cdn.jsdelivr.net/gh/gn-math/covers@main/519.png",
    "description": "Game Active"
  }
]